{
	"partitions" : [
		{
			"name" : "Top",
			"pins" : [
				{
					"name" : "disp[6]",
					"strict" : false
				},
				{
					"name" : "disp[5]",
					"strict" : false
				},
				{
					"name" : "disp[4]",
					"strict" : false
				},
				{
					"name" : "disp[3]",
					"strict" : false
				},
				{
					"name" : "disp[2]",
					"strict" : false
				},
				{
					"name" : "disp[1]",
					"strict" : false
				},
				{
					"name" : "change_pulse",
					"strict" : false
				},
				{
					"name" : "confirm_pulse",
					"strict" : false
				},
				{
					"name" : "x3",
					"strict" : false
				},
				{
					"name" : "x0",
					"strict" : false
				},
				{
					"name" : "x1",
					"strict" : false
				},
				{
					"name" : "x2",
					"strict" : false
				},
				{
					"name" : "Clock",
					"strict" : false
				},
				{
					"name" : "Resetn",
					"strict" : false
				},
				{
					"name" : "Change",
					"strict" : false
				},
				{
					"name" : "enter",
					"strict" : false
				}
			]
		}
	]
}